,idx,labels
0,b9dbcfdfb92d11f78c8ae2db6137db9b,0
1,abdc83390e49d80b5fc41afc853a7af6,0
2,7618c9806555833cff62e8321c85f892,0
3,b9ba600a7108a7145561b68ccc48d31d,1
4,523d66e51137a1ea5fee83043a055fde,1
5,54ed6102f999a7b1eb4018b1388025fa,1
6,8cc8ea383e3f85daa5a8a51be310b65d,2
7,17cbfe7f60aaf9bc256a75801605b621,2
8,8a0a249aa3c9b4ff24d3cf328dd7d519,2
9,a4cae3aa3f9f8b9a8b43151e4e334365,3
10,a8ba23b5dbbb4ce5b20d996c88d39aef,3
11,ce2cf0c319b9fbccad8799ce48c42b4e,3
12,6e0bb7708bf7ef5573f647ebc5790097,4
13,d4afbed6e9f6397eb93470ef63837ea8,4
14,4e7ad04af99ab17b4404e0319932358c,4
15,a244316f91375279670846b148016749,5
16,bb59806f45d849fcfe07eeff94cae253,5
17,d849e98f851a5dc7694e95a313d166d8,5
18,ec67789caa7f49ea9bdf964e5565942f,6
19,d2ccf63e38ebe134e13b6076bf34d06c,6
20,1e2f3d1bbefd48765bf301793fb9981b,6
21,bc1586f6b7ad6edd38c01c3099dd843e,7
22,6f48bf7239a08929893894470ab8d962,7
23,1e69a4eff8dcbe24df123164c5531a7e,7
24,839f8b7c5a1d5322e732aa4cbccdec5e,8
25,619c9dfa4932b54a8540d19d462e54b4,8
26,8d848653a17155975552c1f0fe5d5583,8
27,aad81dbc43e79d7826985698daf2116f,9
28,a27f303a01f1e59983d0213a2add2ac6,9
29,545945486149857e9782a227df553805,9
30,46a5882c1e3b2aff7b240516e4842da9,10
31,1d4388ebffc71aa0ac61a3d95ac9081b,10
32,8e0a1da08cd4384aa887a844cce36e7c,10
33,6ac043426247f2311bd5514c01aa1c86,11
34,ea06f767f353367336c341184ab8c4c6,11
35,732140ea603252bff296438ad0ca5a55,11
36,33d9bc175328e7d82ad55922665511c6,12
37,7ffb48691a8f10e96bef130ea1ab3f83,12
38,b83fc02587c50ab2a656df66eec614d4,12
39,e049bd21ece7d6d944105727ae97ac35,13
40,8dd89db381db2a0fc1aa947c858c9cd4,13
41,8c5b07e48966ca4299ed494f19240eef,13
42,836f65e05ba5ac53708c2b6b072be6c6,14
43,5fca56ef3143d722ad44746baed65284,14
44,f2b229c3b00817d21894982e1e1377a7,14
45,d52f5ea47aa499dfe561ca7c32b57816,15
46,0df4dd50c1ec61788d6618c51bfcb68f,15
47,5370eeea9c4f786d30e508e1fd908222,15
48,bd2f272c204ceefcdd7e3470dbdfc091,16
49,e2ee26fd69a5fd4a2df3f459550f4e9b,16
50,adab09df2f41dc49eb409e63d70ece8f,16
51,1946f5f359b2f2a8be3e6032e7d52ae7,17
52,3ba754359e50df4af678d5fa7d95bec9,17
53,cc990ee33bc5b100647af59ce25c06fe,17
